method,p@5,r@5,f1@5,p@10,r@10,f1@10
TF-IDF,0.145912,0.158618,0.144035,0.10383,0.20866,0.129733
TextRank,0.124385,0.137421,0.124011,0.092106,0.191333,0.117001
KeyBERT,0.074334,0.084805,0.074882,0.070162,0.154442,0.090913
